{"initial_reset_timestamp": 1608021459.7737322, "timestamps": [1608021463.8777945], "episode_lengths": [240], "episode_rewards": [289.16540130557655], "episode_types": ["t"]}