{"initial_reset_timestamp": 1608021454.5400136, "timestamps": [1608021457.8280377], "episode_lengths": [191], "episode_rewards": [249.78764905259243], "episode_types": ["t"]}