{"initial_reset_timestamp": 1607534749.4921477, "timestamps": [1607534752.9842453], "episode_lengths": [200], "episode_rewards": [200.0], "episode_types": ["t"]}