{"initial_reset_timestamp": 1607534686.3590639, "timestamps": [1607534688.1988251], "episode_lengths": [103], "episode_rewards": [-103.0], "episode_types": ["t"]}