{"initial_reset_timestamp": 1607534387.148431, "timestamps": [1607534388.6961215], "episode_lengths": [86], "episode_rewards": [-86.0], "episode_types": ["t"]}