{"initial_reset_timestamp": 1607539577.0508726, "timestamps": [1607539578.524634], "episode_lengths": [80], "episode_rewards": [-79.0], "episode_types": ["t"]}